sample_id,exposure_step,pressure_pa,el_image_filename,el_image_path,el_capture_datetime,el_note,module_id,cell_technology,number_busbars,cells_per_string,module_area_cm2,cell_area_cm2,nameplate_pmp_w,nameplate_voc_v,nameplate_isc_a,nameplate_vmp_v,nameplate_imp_a,iv_isc_a,iv_voc_v,iv_imp_a,iv_vmp_v,iv_pmp_w,iv_ff_percent,iv_efficiency_percent,iv_rsh_ohm,iv_rs_ohm,iv_measured_temperature_c,iv_measurement_datetime,pmp_normalized,power_loss_percent,iv_match_type,iv_n_candidates
2617127550699,1,0,20180724_130533_2617127550699_0PA-BEFORE-INITIATE_s_A_V.png,images/01_input/2617127550699/20180724_130533_2617127550699_0PA-BEFORE-INITIATE_s_A_V.png,2018-07-24 13:05:33,BEFORE-INITIATE,F2405-0035,ALBSF,4,60,16277,241.36,295.0,40.08,9.82,32.16,9.34,9.63565,39.598014,9.106895,31.978143,291.221583,76.325405,17.891601,6354.823056,0.29661,24.611995,2018-07-24 13:07:00,1.0,0.0,sinton_results_nearest_time,7
2617127550699,2,0,20180724_145418_2617127550699_0PA_s_A_V.png,images/01_input/2617127550699/20180724_145418_2617127550699_0PA_s_A_V.png,2018-07-24 14:54:18,,F2405-0035,ALBSF,4,60,16277,241.36,295.0,40.08,9.82,32.16,9.34,9.634385,39.476539,9.17564,31.633431,290.256974,76.316702,17.832339,2776.110871,0.284018,26.632741,2018-07-24 14:54:00,0.9966877145915384,0.3312285408461624,sinton_results_nearest_time,7
2617127550699,3,200,20180724_145635_2617127550699_200PA_s_A_V.png,images/01_input/2617127550699/20180724_145635_2617127550699_200PA_s_A_V.png,2018-07-24 14:56:35,,F2405-0035,ALBSF,4,60,16277,241.36,295.0,40.08,9.82,32.16,9.34,9.643624,39.386856,9.153454,31.658263,289.782454,76.292267,17.803186,2742.312753,0.280343,26.89064,2018-07-24 14:56:00,0.9950583023923744,0.4941697607625639,sinton_results_exact_1to1,1
2617127550699,4,600,20180724_150200_2617127550699_600PA_s_A_V.png,images/01_input/2617127550699/20180724_150200_2617127550699_600PA_s_A_V.png,2018-07-24 15:02:00,,F2405-0035,ALBSF,4,60,16277,241.36,295.0,40.08,9.82,32.16,9.34,9.670389,39.344355,9.113822,31.836021,290.14782,76.259318,17.825633,2686.217374,0.279902,28.474162,2018-07-24 15:01:00,0.996312900338846,0.3687099661153881,sinton_results_exact_1to1,1
2617127550699,5,800,20180724_150345_2617127550699_800PA_s_A_V.png,images/01_input/2617127550699/20180724_150345_2617127550699_800PA_s_A_V.png,2018-07-24 15:03:45,,F2405-0035,ALBSF,4,60,16277,241.36,295.0,40.08,9.82,32.16,9.34,9.661005,39.60992,9.10902,31.873239,290.333972,75.870264,17.837069,2837.817336,0.303231,29.122158,2018-07-24 15:03:00,0.9969521112039282,0.3047888796071762,sinton_results_exact_1to1,1
2617127550699,6,1000,20180724_150518_2617127550699_1000PA_s_A_V.png,images/01_input/2617127550699/20180724_150518_2617127550699_1000PA_s_A_V.png,2018-07-24 15:05:18,,F2405-0035,ALBSF,4,60,16277,241.36,295.0,40.08,9.82,32.16,9.34,9.652064,39.585659,9.10249,31.867246,290.07127,75.918331,17.82093,2850.823759,0.300768,29.32623,2018-07-24 15:05:00,0.9960500420739764,0.3949957926023595,sinton_results_nearest_time,2
2617127550699,7,1200,20180724_150709_2617127550699_1200PA_s_A_V.png,images/01_input/2617127550699/20180724_150709_2617127550699_1200PA_s_A_V.png,2018-07-24 15:07:09,,F2405-0035,ALBSF,4,60,16277,241.36,295.0,40.08,9.82,32.16,9.34,9.64373,39.393279,9.087592,31.862601,289.554329,76.218937,17.789171,2681.195347,0.280681,29.523318,2018-07-24 15:06:00,0.994274964160194,0.5725035839805881,sinton_results_exact_1to1,1
2617127550699,8,1400,20180724_150920_2617127550699_1400PA_s_A_V.png,images/01_input/2617127550699/20180724_150920_2617127550699_1400PA_s_A_V.png,2018-07-24 15:09:20,,F2405-0035,ALBSF,4,60,16277,241.36,295.0,40.08,9.82,32.16,9.34,9.636127,39.497727,9.037569,32.015281,289.34031,76.021129,17.776022,2744.276105,0.29012,29.755552,2018-07-24 15:09:00,0.9935400632720274,0.6459936727972626,sinton_results_exact_1to1,1
2617127550699,9,1600,20180724_151057_2617127550699_1600PA_s_A_V.png,images/01_input/2617127550699/20180724_151057_2617127550699_1600PA_s_A_V.png,2018-07-24 15:10:57,,F2405-0035,ALBSF,4,60,16277,241.36,295.0,40.08,9.82,32.16,9.34,9.640646,39.577765,9.07647,31.834451,288.944433,75.728082,17.751701,2764.957325,0.306913,30.075345,2018-07-24 15:10:00,0.9921806963050536,0.7819303694946322,sinton_results_exact_1to1,1
2617127550699,10,1800,20180724_151249_2617127550699_1800PA_s_A_V.png,images/01_input/2617127550699/20180724_151249_2617127550699_1800PA_s_A_V.png,2018-07-24 15:12:49,,F2405-0035,ALBSF,4,60,16277,241.36,295.0,40.08,9.82,32.16,9.34,9.630616,39.378694,9.07434,31.701203,287.667512,75.853464,17.673251,2663.197721,0.293507,29.666499,2018-07-24 15:12:00,0.9877959903816608,1.220400961833934,sinton_results_exact_1to1,1
2617127550699,11,2000,20180724_151425_2617127550699_2000PA_s_A_V.png,images/01_input/2617127550699/20180724_151425_2617127550699_2000PA_s_A_V.png,2018-07-24 15:14:25,,F2405-0035,ALBSF,4,60,16277,241.36,295.0,40.08,9.82,32.16,9.34,9.636348,39.56861,9.097346,31.469181,286.286018,75.082176,17.588377,2786.269252,0.332815,29.758548,2018-07-24 15:14:00,0.9830522004957304,1.6947799504269612,sinton_results_exact_1to1,1
2617127550699,12,2200,20180724_151553_2617127550699_2200PA_s_A_V.png,images/01_input/2617127550699/20180724_151553_2617127550699_2200PA_s_A_V.png,2018-07-24 15:15:53,,F2405-0035,ALBSF,4,60,16277,241.36,295.0,40.08,9.82,32.16,9.34,9.622178,39.363595,8.996157,31.721805,285.374337,75.343672,17.532367,2668.406433,0.317765,30.285537,2018-07-24 15:15:00,0.9799216598585688,2.007834014143106,sinton_results_exact_1to1,1
2617127550699,13,2400,20180724_151742_2617127550699_2400PA_s_A_V.png,images/01_input/2617127550699/20180724_151742_2617127550699_2400PA_s_A_V.png,2018-07-24 15:17:42,,F2405-0035,ALBSF,4,60,16277,241.36,295.0,40.08,9.82,32.16,9.34,9.578175,39.579769,8.83377,32.116992,283.714114,74.83847,17.430369,2751.312774,0.33719,30.366959,2018-07-24 15:17:00,0.9742207671469184,2.577923285308159,sinton_results_exact_1to1,1
2617127550699,14,2600,20180724_151921_2617127550699_2600PA_s_A_V.png,images/01_input/2617127550699/20180724_151921_2617127550699_2600PA_s_A_V.png,2018-07-24 15:19:21,,F2405-0035,ALBSF,4,60,16277,241.36,295.0,40.08,9.82,32.16,9.34,9.447026,39.485002,8.794296,32.107387,282.361858,75.697011,17.347291,2746.462144,0.304053,30.448715,2018-07-24 15:19:00,0.9695773750395416,3.0422624960458444,sinton_results_exact_1to1,1
2617127550699,15,2800,20180724_152057_2617127550699_2800PA_s_A_V.png,images/01_input/2617127550699/20180724_152057_2617127550699_2800PA_s_A_V.png,2018-07-24 15:20:57,,F2405-0035,ALBSF,4,60,16277,241.36,295.0,40.08,9.82,32.16,9.34,9.42574,39.344932,8.426758,32.814233,276.517606,74.562166,16.988241,2614.599206,0.307409,30.048303,2018-07-24 15:20:00,0.949509315729528,5.049068427047187,sinton_results_exact_1to1,1
2617127550699,16,3000,20180724_152244_2617127550699_3000PA_s_A_V.png,images/01_input/2617127550699/20180724_152244_2617127550699_3000PA_s_A_V.png,2018-07-24 15:22:44,,F2405-0035,ALBSF,4,60,16277,241.36,295.0,40.08,9.82,32.16,9.34,9.359865,39.404018,8.385941,32.811296,275.153588,74.604508,16.904441,2635.690038,0.311501,30.297955,2018-07-24 15:22:00,0.9448255351321264,5.517446486787348,sinton_results_exact_1to1,1
2617127550699,17,3200,20180724_152413_2617127550699_3200PA_s_A_V.png,images/01_input/2617127550699/20180724_152413_2617127550699_3200PA_s_A_V.png,2018-07-24 15:24:13,,F2405-0035,ALBSF,4,60,16277,241.36,295.0,40.08,9.82,32.16,9.34,8.94609,39.314468,7.8995,32.24203,254.695926,72.416304,15.647596,2659.821529,0.419674,30.304055,2018-07-24 15:24:00,0.8745777815513075,12.54222184486925,sinton_results_exact_1to1,1
2617127550699,18,3400,20180724_152553_2617127550699_3400PA_s_A_V.png,images/01_input/2617127550699/20180724_152553_2617127550699_3400PA_s_A_V.png,2018-07-24 15:25:53,,F2405-0035,ALBSF,4,60,16277,241.36,295.0,40.08,9.82,32.16,9.34,8.785794,39.437465,7.235158,33.570908,242.890829,70.100498,14.922334,2822.67446,0.393041,30.404467,2018-07-24 15:25:00,0.8340413045553701,16.595869544462992,sinton_results_exact_1to1,1
2617127550699,19,3600,20180724_152733_2617127550699_3600PA_s_A_V.png,images/01_input/2617127550699/20180724_152733_2617127550699_3600PA_s_A_V.png,2018-07-24 15:27:33,,F2405-0035,ALBSF,4,60,16277,241.36,295.0,40.08,9.82,32.16,9.34,8.757255,39.333651,7.074421,33.783459,238.998419,69.384552,14.683198,2765.751903,0.376354,30.602621,2018-07-24 15:27:00,0.8206755026120437,17.93244973879563,sinton_results_exact_1to1,1
321617132567500337,1,0,20170724_114226_321617132567500337_0Pa_s_A_V.png,images/01_input/321617132567500337/20170724_114226_321617132567500337_0Pa_s_A_V.png,2017-07-24 11:42:26,,F1707-0001,ALBSF,4,72,19940,243.36,345.0,47.46,9.64,37.93,9.09,9.538294,38.700832,8.954144,30.661828,274.550423,74.375707,16.459857,2683.549679,0.327583,27.443807,2017-07-24 11:44:00,1.0,0.0,sinton_results_nearest_time,13
321617132567500337,2,200,20170724_115419_321617132567500337_200Pa_s_A_V.png,images/01_input/321617132567500337/20170724_115419_321617132567500337_200Pa_s_A_V.png,2017-07-24 11:54:19,,F1707-0001,ALBSF,4,72,19940,243.36,345.0,47.46,9.64,37.93,9.09,9.56279,38.76526,8.92776,30.677819,273.884211,73.882174,16.419917,2777.121574,0.360068,25.088622,2017-07-24 11:54:00,0.9975734439134336,0.2426556086566389,sinton_results_nearest_time,2
321617132567500337,3,400,20170724_115545_321617132567500337_400Pa_s_A_V.png,images/01_input/321617132567500337/20170724_115545_321617132567500337_400Pa_s_A_V.png,2017-07-24 11:55:45,,F1707-0001,ALBSF,4,72,19940,243.36,345.0,47.46,9.64,37.93,9.09,9.556435,38.834788,8.683585,31.296946,271.76969,73.229177,16.293147,2830.847846,0.373258,25.383641,2017-07-24 11:55:00,0.9898716856101876,1.0128314389812432,sinton_results_nearest_time,2
321617132567500337,4,600,20170724_115711_321617132567500337_600Pa_s_A_V.png,images/01_input/321617132567500337/20170724_115711_321617132567500337_600Pa_s_A_V.png,2017-07-24 11:57:11,,F1707-0001,ALBSF,4,72,19940,243.36,345.0,47.46,9.64,37.93,9.09,9.553699,38.741568,8.627209,31.358439,270.535797,73.093037,16.219173,2803.259002,0.370439,25.210471,2017-07-24 11:57:00,0.985377454690718,1.4622545309281976,sinton_results_nearest_time,2
321617132567500337,5,800,20170724_115933_321617132567500337_800Pa_s_A_V.png,images/01_input/321617132567500337/20170724_115933_321617132567500337_800Pa_s_A_V.png,2017-07-24 11:59:33,,F1707-0001,ALBSF,4,72,19940,243.36,345.0,47.46,9.64,37.93,9.09,9.556019,38.777421,8.58839,31.431889,269.949316,72.849455,16.184012,2835.728078,0.37527,25.426474,2017-07-24 11:58:00,0.9832413042758268,1.67586957241731,sinton_results_nearest_time,2
321617132567500337,6,1000,20170724_120117_321617132567500337_1000Pa_s_A_V.png,images/01_input/321617132567500337/20170724_120117_321617132567500337_1000Pa_s_A_V.png,2017-07-24 12:01:17,,F1707-0001,ALBSF,4,72,19940,243.36,345.0,47.46,9.64,37.93,9.09,9.535076,38.812,8.607432,31.372345,270.035315,72.967657,16.189168,2874.12746,0.377417,25.118623,2017-07-24 12:01:00,0.9835545399979224,1.6445460002077694,sinton_results_nearest_time,2
321617132567500337,7,1200,20170724_120233_321617132567500337_1200Pa_s_A_V.png,images/01_input/321617132567500337/20170724_120233_321617132567500337_1200Pa_s_A_V.png,2017-07-24 12:02:33,,F1707-0001,ALBSF,4,72,19940,243.36,345.0,47.46,9.64,37.93,9.09,9.519606,38.751765,8.552555,31.34058,268.042025,72.659506,16.069666,2791.216971,0.385346,24.889436,2017-07-24 12:02:00,0.9762943435712718,2.370565642872824,sinton_results_nearest_time,2
321617132567500337,8,1400,20170724_120347_321617132567500337_1400Pa_s_A_V.png,images/01_input/321617132567500337/20170724_120347_321617132567500337_1400Pa_s_A_V.png,2017-07-24 12:03:47,,F1707-0001,ALBSF,4,72,19940,243.36,345.0,47.46,9.64,37.93,9.09,9.519198,38.823051,8.529639,31.398272,267.815919,72.468012,16.05611,2845.457509,0.392172,25.340687,2017-07-24 12:03:00,0.97547079357441,2.4529206425589867,sinton_results_exact_1to1,1
321617132567500337,9,1600,20170724_120508_321617132567500337_1600Pa_s_A_V.png,images/01_input/321617132567500337/20170724_120508_321617132567500337_1600Pa_s_A_V.png,2017-07-24 12:05:08,,F1707-0001,ALBSF,4,72,19940,243.36,345.0,47.46,9.64,37.93,9.09,9.514072,38.694746,8.504153,31.400307,267.033023,72.534825,16.009174,2666.530499,0.383786,25.465887,2017-07-24 12:05:00,0.972619237232062,2.7380762767937883,sinton_results_exact_1to1,1
321617132567500337,10,1800,20170724_120634_321617132567500337_1800Pa_s_A_V.png,images/01_input/321617132567500337/20170724_120634_321617132567500337_1800Pa_s_A_V.png,2017-07-24 12:06:34,,F1707-0001,ALBSF,4,72,19940,243.36,345.0,47.46,9.64,37.93,9.09,9.120538,38.769424,8.517094,31.237912,266.05624,75.242573,15.950614,2868.951682,0.304891,25.549547,2017-07-24 12:06:00,0.9690614827426436,3.0938517257356524,sinton_results_nearest_time,2
321617132567500337,11,2000,20170724_120750_321617132567500337_2000Pa_s_A_V.png,images/01_input/321617132567500337/20170724_120750_321617132567500337_2000Pa_s_A_V.png,2017-07-24 12:07:50,,F1707-0001,ALBSF,4,72,19940,243.36,345.0,47.46,9.64,37.93,9.09,9.006003,38.653414,7.961127,32.210882,256.434915,73.664326,15.373796,2816.64473,0.32345,25.663491,2017-07-24 12:07:00,0.9340175556750098,6.598244432499023,sinton_results_exact_1to1,1
321617132567500337,12,2200,20170724_120906_321617132567500337_2200Pa_s_A_V.png,images/01_input/321617132567500337/20170724_120906_321617132567500337_2200Pa_s_A_V.png,2017-07-24 12:09:06,,F1707-0001,ALBSF,4,72,19940,243.36,345.0,47.46,9.64,37.93,9.09,8.969094,38.847263,7.820515,32.298551,252.591307,72.495224,15.143364,2954.426531,0.365517,25.915716,2017-07-24 12:09:00,0.9200179123380916,7.99820876619084,sinton_results_exact_1to1,1
321617132567500337,13,2400,20170724_121024_321617132567500337_2400Pa_s_A_V.png,images/01_input/321617132567500337/20170724_121024_321617132567500337_2400Pa_s_A_V.png,2017-07-24 12:10:24,,F1707-0001,ALBSF,4,72,19940,243.36,345.0,47.46,9.64,37.93,9.09,8.963959,38.634918,7.794151,32.321625,251.919609,72.741477,15.103094,2741.831575,0.342162,25.907584,2017-07-24 12:10:00,0.9175713744939304,8.242862550606967,sinton_results_nearest_time,2
321617132567500337,14,2600,20170724_121216_321617132567500337_2600Pa_s_A_V.png,images/01_input/321617132567500337/20170724_121216_321617132567500337_2600Pa_s_A_V.png,2017-07-24 12:12:16,,F1707-0001,ALBSF,4,72,19940,243.36,345.0,47.46,9.64,37.93,9.09,8.946162,38.748983,7.771464,32.318476,251.161864,72.453043,15.057666,2721.999327,0.355554,25.908478,2017-07-24 12:11:00,0.9148114260964004,8.518857390359958,sinton_results_exact_1to1,1
321617132567500337,15,2800,20170724_121345_321617132567500337_2800Pa_s_A_V.png,images/01_input/321617132567500337/20170724_121345_321617132567500337_2800Pa_s_A_V.png,2017-07-24 12:13:45,,F1707-0001,ALBSF,4,72,19940,243.36,345.0,47.46,9.64,37.93,9.09,8.935337,38.74767,7.762972,32.357435,251.189865,72.551366,15.059344,2703.989878,0.34971,26.298595,2017-07-24 12:13:00,0.9149134146480624,8.508658535193748,sinton_results_exact_1to1,1
321617132567500337,16,3000,20170724_121554_321617132567500337_3000Pa_s_A_V.png,images/01_input/321617132567500337/20170724_121554_321617132567500337_3000Pa_s_A_V.png,2017-07-24 12:15:54,,F1707-0001,ALBSF,4,72,19940,243.36,345.0,47.46,9.64,37.93,9.09,8.941925,38.838637,7.740865,32.400603,250.808693,72.218353,15.036492,2708.716177,0.362148,26.515421,2017-07-24 12:15:00,0.9135250649386176,8.647493506138225,sinton_results_nearest_time,2
321617132567500337,17,3200,20170724_121727_321617132567500337_3200Pa_s_A_V.png,images/01_input/321617132567500337/20170724_121727_321617132567500337_3200Pa_s_A_V.png,2017-07-24 12:17:27,,F1707-0001,ALBSF,4,72,19940,243.36,345.0,47.46,9.64,37.93,9.09,8.926421,38.634386,8.074564,31.428087,253.768108,73.584386,15.213915,2553.552456,0.362461,26.333877,2017-07-24 12:17:00,0.9243041960274088,7.569580397259124,sinton_results_exact_1to1,1
321617132567500337,18,3400,20170724_121912_321617132567500337_3400Pa_s_A_V.png,images/01_input/321617132567500337/20170724_121912_321617132567500337_3400Pa_s_A_V.png,2017-07-24 12:19:12,,F1707-0001,ALBSF,4,72,19940,243.36,345.0,47.46,9.64,37.93,9.09,8.92137,38.703554,7.678454,32.371668,248.564383,71.987402,14.901941,2654.078178,0.359386,26.570897,2017-07-24 12:18:00,0.9053505737996986,9.464942620030136,sinton_results_exact_1to1,1
321617132567500337,19,3600,20170724_122048_321617132567500337_3600Pa_s_A_V.png,images/01_input/321617132567500337/20170724_122048_321617132567500337_3600Pa_s_A_V.png,2017-07-24 12:20:48,,F1707-0001,ALBSF,4,72,19940,243.36,345.0,47.46,9.64,37.93,9.09,8.911068,38.747918,7.556083,32.440504,245.123129,70.991468,14.695631,2616.99714,0.383174,26.57667,2017-07-24 12:20:00,0.8928164317561441,10.71835682438559,sinton_results_nearest_time,2
321617132567500337,20,3800,20170724_122212_321617132567500337_3800Pa_s_A_V.png,images/01_input/321617132567500337/20170724_122212_321617132567500337_3800Pa_s_A_V.png,2017-07-24 12:22:12,,F1707-0001,ALBSF,4,72,19940,243.36,345.0,47.46,9.64,37.93,9.09,8.802464,38.608292,7.721385,31.476369,243.041157,71.514643,14.570813,2054.318837,0.421508,26.537149,2017-07-24 12:22:00,0.885233227267692,11.476677273230797,sinton_results_exact_1to1,1
321617132567500337,21,4000,20170724_122410_321617132567500337_4000Pa_s_A_V.png,images/01_input/321617132567500337/20170724_122410_321617132567500337_4000Pa_s_A_V.png,2017-07-24 12:24:10,,F1707-0001,ALBSF,4,72,19940,243.36,345.0,47.46,9.64,37.93,9.09,8.793338,38.773884,7.639474,31.558648,241.091488,70.711297,14.453926,2100.14954,0.448745,26.894998,2017-07-24 12:24:00,0.8781319124028447,12.186808759715529,sinton_results_exact_1to1,1
321617132567500337,22,4200,20170724_122528_321617132567500337_4200Pa_s_A_V.png,images/01_input/321617132567500337/20170724_122528_321617132567500337_4200Pa_s_A_V.png,2017-07-24 12:25:28,,F1707-0001,ALBSF,4,72,19940,243.36,345.0,47.46,9.64,37.93,9.09,8.782916,38.653171,7.508617,31.630434,237.500815,69.95862,14.238658,1763.359855,0.454211,27.163913,2017-07-24 12:25:00,0.8650535388175307,13.494646118246932,sinton_results_nearest_time,2
321617132567500337,23,4400,20170724_122711_321617132567500337_4400Pa_s_A_V.png,images/01_input/321617132567500337/20170724_122711_321617132567500337_4400Pa_s_A_V.png,2017-07-24 12:27:11,,F1707-0001,ALBSF,4,72,19940,243.36,345.0,47.46,9.64,37.93,9.09,8.758694,38.707867,7.296466,31.638486,230.849153,68.091,13.839877,1395.613619,0.49942,27.007875,2017-07-24 12:27:00,0.8408260693155077,15.917393068449226,sinton_results_exact_1to1,1
321617132567500337,24,4600,20170724_123315_321617132567500337_4600Pa_s_A_V.png,images/01_input/321617132567500337/20170724_123315_321617132567500337_4600Pa_s_A_V.png,2017-07-24 12:33:15,,F1707-0001,ALBSF,4,72,19940,243.36,345.0,47.46,9.64,37.93,9.09,7.884904,38.573997,6.069364,30.929249,187.72087,61.719375,11.254249,1343.277131,0.805556,26.76319,2017-07-24 12:33:00,0.6837391396042394,31.626086039576062,sinton_results_exact_1to1,1
321617132567500337,25,4800,20170724_123446_321617132567500337_4800Pa_s_A_V.png,images/01_input/321617132567500337/20170724_123446_321617132567500337_4800Pa_s_A_V.png,2017-07-24 12:34:46,,F1707-0001,ALBSF,4,72,19940,243.36,345.0,47.46,9.64,37.93,9.09,7.720789,38.614642,6.020902,30.931908,186.237981,62.467559,11.165347,1395.272698,0.804073,26.642104,2017-07-24 12:34:00,0.6783379860245197,32.16620139754804,sinton_results_nearest_time,2
321617132567500337,26,5000,20170724_123630_321617132567500337_5000Pa_s_A_V.png,images/01_input/321617132567500337/20170724_123630_321617132567500337_5000Pa_s_A_V.png,2017-07-24 12:36:30,,F1707-0001,ALBSF,4,72,19940,243.36,345.0,47.46,9.64,37.93,9.09,7.554554,38.676025,5.940422,30.948548,183.847444,62.922637,11.022029,1360.979228,0.806972,26.987272,2017-07-24 12:36:00,0.6696308896235064,33.03691103764936,sinton_results_exact_1to1,1
321617132567500337,27,5100,20170724_124350_321617132567500337_5100Pa_s_A_V.png,images/01_input/321617132567500337/20170724_124350_321617132567500337_5100Pa_s_A_V.png,2017-07-24 12:43:50,,F1707-0001,ALBSF,4,72,19940,243.36,345.0,47.46,9.64,37.93,9.09,7.528085,38.443537,5.814996,30.973241,180.109281,62.234074,10.797919,1274.894918,0.802034,26.488192,2017-07-24 12:42:00,0.656015310528223,34.3984689471777,sinton_results_nearest_time,2
609K3ZH1A4NA,1,0,20170712_122438_609K3ZH1A4NA_0Pa_s_A_V.png,images/01_input/609K3ZH1A4NA/20170712_122438_609K3ZH1A4NA_0Pa_s_A_V.png,2017-07-12 12:24:38,,F1707-0006,PERC,12,60,16400,243.36,320.0,40.9,10.05,33.6,9.53,10.000771,40.737322,9.496376,33.809922,321.071727,78.809051,19.577544,11755.05821,0.214009,24.872469,2017-07-12 12:26:00,1.0,0.0,sinton_results_nearest_time,9
609K3ZH1A4NA,2,200,20170712_123728_609K3ZH1A4NA_200Pa_s_A_V.png,images/01_input/609K3ZH1A4NA/20170712_123728_609K3ZH1A4NA_200Pa_s_A_V.png,2017-07-12 12:37:28,,F1707-0006,PERC,12,60,16400,243.36,320.0,40.9,10.05,33.6,9.53,10.019421,40.743124,9.502219,33.743159,320.63488,78.544144,19.550907,12189.60751,0.226406,25.153275,2017-07-12 12:37:00,0.9986394099409444,0.1360590059055533,sinton_results_nearest_time,2
609K3ZH1A4NA,3,400,20170712_124002_609K3ZH1A4NA_400Pa_s_A_V.png,images/01_input/609K3ZH1A4NA/20170712_124002_609K3ZH1A4NA_400Pa_s_A_V.png,2017-07-12 12:40:02,,F1707-0006,PERC,12,60,16400,243.36,320.0,40.9,10.05,33.6,9.53,10.015902,40.743951,9.439993,33.965488,320.633978,78.569928,19.550852,11486.67396,0.227173,25.3035,2017-07-12 12:39:00,0.9986366005998404,0.1363399400159615,sinton_results_nearest_time,2
609K3ZH1A4NA,4,600,20170712_124148_609K3ZH1A4NA_600Pa_s_A_V.png,images/01_input/609K3ZH1A4NA/20170712_124148_609K3ZH1A4NA_600Pa_s_A_V.png,2017-07-12 12:41:48,,F1707-0006,PERC,12,60,16400,243.36,320.0,40.9,10.05,33.6,9.53,10.019439,40.741656,9.49439,33.760869,320.538875,78.523317,19.545053,12896.71233,0.230695,25.565601,2017-07-12 12:41:00,0.9983403957583596,0.1659604241640355,sinton_results_nearest_time,2
609K3ZH1A4NA,5,800,20170712_124352_609K3ZH1A4NA_800Pa_s_A_V.png,images/01_input/609K3ZH1A4NA/20170712_124352_609K3ZH1A4NA_800Pa_s_A_V.png,2017-07-12 12:43:52,,F1707-0006,PERC,12,60,16400,243.36,320.0,40.9,10.05,33.6,9.53,10.012886,40.727922,9.490935,33.752034,320.338375,78.552034,19.532828,11937.9189,0.228914,25.604282,2017-07-12 12:43:00,0.997715924703641,0.2284075296358989,sinton_results_nearest_time,2
609K3ZH1A4NA,6,1000,20170712_124546_609K3ZH1A4NA_1000Pa_s_A_V.png,images/01_input/609K3ZH1A4NA/20170712_124546_609K3ZH1A4NA_1000Pa_s_A_V.png,2017-07-12 12:45:46,,F1707-0006,PERC,12,60,16400,243.36,320.0,40.9,10.05,33.6,9.53,10.012723,40.715549,9.411234,34.030136,320.265565,78.559325,19.528388,11652.0048,0.22555,25.892946,2017-07-12 12:45:00,0.9974891529455658,0.2510847054434162,sinton_results_exact_1to1,1
609K3ZH1A4NA,7,1200,20170712_124733_609K3ZH1A4NA_1200Pa_s_A_V.png,images/01_input/609K3ZH1A4NA/20170712_124733_609K3ZH1A4NA_1200Pa_s_A_V.png,2017-07-12 12:47:33,,F1707-0006,PERC,12,60,16400,243.36,320.0,40.9,10.05,33.6,9.53,10.013336,40.702973,9.485023,33.750872,320.127806,78.54499,19.519988,11816.73215,0.228487,26.000415,2017-07-12 12:47:00,0.9970600930551572,0.2939906944842807,sinton_results_nearest_time,2
609K3ZH1A4NA,8,1400,20170712_124931_609K3ZH1A4NA_1400Pa_s_A_V.png,images/01_input/609K3ZH1A4NA/20170712_124931_609K3ZH1A4NA_1400Pa_s_A_V.png,2017-07-12 12:49:31,,F1707-0006,PERC,12,60,16400,243.36,320.0,40.9,10.05,33.6,9.53,10.016906,40.781197,9.481584,33.759992,320.098212,78.359143,19.518184,11977.3356,0.237653,26.300303,2017-07-12 12:49:00,0.9969679205045668,0.303207949543316,sinton_results_exact_1to1,1
609K3ZH1A4NA,9,1600,20170712_125105_609K3ZH1A4NA_1600Pa_s_A_V.png,images/01_input/609K3ZH1A4NA/20170712_125105_609K3ZH1A4NA_1600Pa_s_A_V.png,2017-07-12 12:51:05,,F1707-0006,PERC,12,60,16400,243.36,320.0,40.9,10.05,33.6,9.53,10.003919,40.705184,9.475048,33.739432,319.682747,78.505356,19.49285,11143.40097,0.229415,26.210264,2017-07-12 12:51:00,0.9956739261566934,0.4326073843306632,sinton_results_exact_1to1,1
609K3ZH1A4NA,10,1800,20170712_125231_609K3ZH1A4NA_1800Pa_s_A_V.png,images/01_input/609K3ZH1A4NA/20170712_125231_609K3ZH1A4NA_1800Pa_s_A_V.png,2017-07-12 12:52:31,,F1707-0006,PERC,12,60,16400,243.36,320.0,40.9,10.05,33.6,9.53,10.007812,40.669007,9.472028,33.778951,319.955181,78.611565,19.509462,11236.97875,0.223869,26.661476,2017-07-12 12:52:00,0.996522440607173,0.3477559392827012,sinton_results_nearest_time,2
609K3ZH1A4NA,11,2000,20170712_125356_609K3ZH1A4NA_2000Pa_s_A_V.png,images/01_input/609K3ZH1A4NA/20170712_125356_609K3ZH1A4NA_2000Pa_s_A_V.png,2017-07-12 12:53:56,,F1707-0006,PERC,12,60,16400,243.36,320.0,40.9,10.05,33.6,9.53,10.000919,40.776582,9.46639,33.757026,319.557185,78.36062,19.485194,11208.9456,0.232889,26.76352,2017-07-12 12:53:00,0.9952828546625656,0.4717145337434281,sinton_results_exact_1to1,1
609K3ZH1A4NA,12,2200,20170712_125519_609K3ZH1A4NA_2200Pa_s_A_V.png,images/01_input/609K3ZH1A4NA/20170712_125519_609K3ZH1A4NA_2200Pa_s_A_V.png,2017-07-12 12:55:19,,F1707-0006,PERC,12,60,16400,243.36,320.0,40.9,10.05,33.6,9.53,9.998615,40.768096,9.477933,33.689836,319.310016,78.334354,19.470123,11203.96549,0.234072,26.920325,2017-07-12 12:55:00,0.9945130297941184,0.5486970205881736,sinton_results_exact_1to1,1
609K3ZH1A4NA,13,2400,20170712_125648_609K3ZH1A4NA_2400Pa_s_A_V.png,images/01_input/609K3ZH1A4NA/20170712_125648_609K3ZH1A4NA_2400Pa_s_A_V.png,2017-07-12 12:56:48,,F1707-0006,PERC,12,60,16400,243.36,320.0,40.9,10.05,33.6,9.53,9.997836,40.818523,9.470241,33.693018,319.080983,78.187557,19.456158,11146.94306,0.240296,27.030912,2017-07-12 12:56:00,0.9937996907463608,0.6200309253639125,sinton_results_nearest_time,2
609K3ZH1A4NA,14,2600,20170712_125810_609K3ZH1A4NA_2600Pa_s_A_V.png,images/01_input/609K3ZH1A4NA/20170712_125810_609K3ZH1A4NA_2600Pa_s_A_V.png,2017-07-12 12:58:10,,F1707-0006,PERC,12,60,16400,243.36,320.0,40.9,10.05,33.6,9.53,9.992587,40.807879,9.450737,33.760821,319.064636,78.245019,19.455161,10904.66067,0.237714,27.306618,2017-07-12 12:58:00,0.993748776889346,0.6251223110654069,sinton_results_exact_1to1,1
609K3ZH1A4NA,15,2800,20170712_125933_609K3ZH1A4NA_2800Pa_s_A_V.png,images/01_input/609K3ZH1A4NA/20170712_125933_609K3ZH1A4NA_2800Pa_s_A_V.png,2017-07-12 12:59:33,,F1707-0006,PERC,12,60,16400,243.36,320.0,40.9,10.05,33.6,9.53,9.990876,40.817229,9.466099,33.700613,319.013341,78.227916,19.452033,11402.06746,0.242078,27.402272,2017-07-12 12:59:00,0.9935890150801102,0.6410984919889784,sinton_results_exact_1to1,1
609K3ZH1A4NA,16,3000,20170712_130058_609K3ZH1A4NA_3000Pa_s_A_V.png,images/01_input/609K3ZH1A4NA/20170712_130058_609K3ZH1A4NA_3000Pa_s_A_V.png,2017-07-12 13:00:58,,F1707-0006,PERC,12,60,16400,243.36,320.0,40.9,10.05,33.6,9.53,9.980704,40.818468,9.458736,33.670803,318.483228,78.175143,19.419709,11416.77767,0.244482,27.296003,2017-07-12 13:00:00,0.991937941642554,0.8062058357446111,sinton_results_nearest_time,2
609K3ZH1A4NA,17,3200,20170712_130220_609K3ZH1A4NA_3200Pa_s_A_V.png,images/01_input/609K3ZH1A4NA/20170712_130220_609K3ZH1A4NA_3200Pa_s_A_V.png,2017-07-12 13:02:20,,F1707-0006,PERC,12,60,16400,243.36,320.0,40.9,10.05,33.6,9.53,9.978423,40.685191,9.454203,33.676631,318.385721,78.425141,19.413763,11012.33487,0.22811,27.430161,2017-07-12 13:02:00,0.9916342493775542,0.8365750622445822,sinton_results_exact_1to1,1
609K3ZH1A4NA,18,3200,20170712_130613_609K3ZH1A4NA_3200Pa_s_A_V.png,images/01_input/609K3ZH1A4NA/20170712_130613_609K3ZH1A4NA_3200Pa_s_A_V.png,2017-07-12 13:06:13,,F1707-0006,PERC,12,60,16400,243.36,320.0,40.9,10.05,33.6,9.53,9.978423,40.685191,9.454203,33.676631,318.385721,78.425141,19.413763,11012.33487,0.22811,27.430161,2017-07-12 13:02:00,0.9916342493775542,0.8365750622445822,sinton_results_exact_1to1,1
609K3ZH1A4NA,19,3600,20170712_130929_609K3ZH1A4NA_3600Pa_s_A_V.png,images/01_input/609K3ZH1A4NA/20170712_130929_609K3ZH1A4NA_3600Pa_s_A_V.png,2017-07-12 13:09:29,,F1707-0006,PERC,12,60,16400,243.36,320.0,40.9,10.05,33.6,9.53,9.969286,40.684657,9.441663,33.690313,318.092589,78.425775,19.39589,10868.19036,0.231588,27.795242,2017-07-12 13:08:00,0.9907212695809868,0.927873041901328,sinton_results_nearest_time,2
609K3ZH1A4NA,20,3800,20170712_131153_609K3ZH1A4NA_3800Pa_s_A_V.png,images/01_input/609K3ZH1A4NA/20170712_131153_609K3ZH1A4NA_3800Pa_s_A_V.png,2017-07-12 13:11:53,,F1707-0006,PERC,12,60,16400,243.36,320.0,40.9,10.05,33.6,9.53,9.961016,40.763997,9.432631,33.690845,317.793313,78.264415,19.377641,11511.18056,0.239486,27.687629,2017-07-12 13:11:00,0.989789153873396,1.0210846126603943,sinton_results_exact_1to1,1
609K3ZH1A4NA,21,4000,20170712_131411_609K3ZH1A4NA_4000Pa_s_A_V.png,images/01_input/609K3ZH1A4NA/20170712_131411_609K3ZH1A4NA_4000Pa_s_A_V.png,2017-07-12 13:14:11,,F1707-0006,PERC,12,60,16400,243.36,320.0,40.9,10.05,33.6,9.53,9.966062,40.727586,9.433895,33.67476,317.684145,78.26783,19.370984,11125.48163,0.23758,27.958808,2017-07-12 13:13:00,0.9894491426210194,1.055085737898065,sinton_results_exact_1to1,1
609K3ZH1A4NA,22,4200,20170712_131657_609K3ZH1A4NA_4200Pa_s_A_V.png,images/01_input/609K3ZH1A4NA/20170712_131657_609K3ZH1A4NA_4200Pa_s_A_V.png,2017-07-12 13:16:57,,F1707-0006,PERC,12,60,16400,243.36,320.0,40.9,10.05,33.6,9.53,9.955807,40.773772,9.424441,33.701926,317.621826,78.244345,19.367184,10944.10452,0.237091,28.020144,2017-07-12 13:16:00,0.989255045804765,1.0744954195235024,sinton_results_nearest_time,3
609K3ZH1A4NA,23,4400,20170712_133004_609K3ZH1A4NA_4400Pa_s_A_V.png,images/01_input/609K3ZH1A4NA/20170712_133004_609K3ZH1A4NA_4400Pa_s_A_V.png,2017-07-12 13:30:04,,F1707-0006,PERC,12,60,16400,243.36,320.0,40.9,10.05,33.6,9.53,9.953426,40.833881,9.416925,33.667356,317.04298,78.005441,19.331889,11461.75639,0.250466,27.734472,2017-07-12 13:29:00,0.9874521900833704,1.2547809916629626,sinton_results_exact_1to1,1
609K3ZH1A4NA,24,4600,20170712_133250_609K3ZH1A4NA_4600Pa_s_A_V.png,images/01_input/609K3ZH1A4NA/20170712_133250_609K3ZH1A4NA_4600Pa_s_A_V.png,2017-07-12 13:32:50,,F1707-0006,PERC,12,60,16400,243.36,320.0,40.9,10.05,33.6,9.53,9.942571,40.727738,9.401195,33.654998,316.397198,78.134643,19.292512,10696.92022,0.24286,27.661681,2017-07-12 13:32:00,0.9854408575813342,1.455914241866585,sinton_results_exact_1to1,1
609K3ZH1A4NA,25,4800,20170712_133430_609K3ZH1A4NA_4800Pa_s_A_V.png,images/01_input/609K3ZH1A4NA/20170712_133430_609K3ZH1A4NA_4800Pa_s_A_V.png,2017-07-12 13:34:30,,F1707-0006,PERC,12,60,16400,243.36,320.0,40.9,10.05,33.6,9.53,9.954089,40.67685,9.399409,33.616619,315.976345,78.037928,19.26685,10743.1762,0.245994,27.783839,2017-07-12 13:34:00,0.9841300819364888,1.5869918063511124,sinton_results_nearest_time,2
609K3ZH1A4NA,26,5000,20170712_140657_609K3ZH1A4NA_5000Pa_s_A_V.png,images/01_input/609K3ZH1A4NA/20170712_140657_609K3ZH1A4NA_5000Pa_s_A_V.png,2017-07-12 14:06:57,,F1707-0006,PERC,12,60,16400,243.36,320.0,40.9,10.05,33.6,9.53,9.939317,40.898109,9.354073,33.71055,315.330949,77.57233,19.227497,10436.2127,0.267103,26.34632,2017-07-12 14:06:00,0.9821199516580292,1.788004834197077,sinton_results_exact_1to1,1
609K3ZH1A4NA,27,5200,20170712_140844_609K3ZH1A4NA_5200Pa_s_A_V.png,images/01_input/609K3ZH1A4NA/20170712_140844_609K3ZH1A4NA_5200Pa_s_A_V.png,2017-07-12 14:08:44,,F1707-0006,PERC,12,60,16400,243.36,320.0,40.9,10.05,33.6,9.53,9.918404,40.715617,9.345579,33.672075,314.685034,77.924368,19.188112,10363.16528,0.2528,26.162407,2017-07-12 14:08:00,0.9801082049183358,1.9891795081664163,sinton_results_exact_1to1,1
609K3ZH1A4NA,28,5400,20170712_141119_609K3ZH1A4NA_5400Pa_s_A_V.png,images/01_input/609K3ZH1A4NA/20170712_141119_609K3ZH1A4NA_5400Pa_s_A_V.png,2017-07-12 14:11:19,,F1707-0006,PERC,12,60,16400,243.36,320.0,40.9,10.05,33.6,9.53,9.913562,40.714384,9.332031,33.70966,314.579601,77.938668,19.181683,10632.33485,0.251933,26.705069,2017-07-12 14:11:00,0.9797798265806196,2.0220173419380427,sinton_results_nearest_time,2
H5NE30994,1,0,20170706_104000_H5NE30994_0Pa-01_s_A_V.png,images/01_input/H5NE30994/20170706_104000_H5NE30994_0Pa-01_s_A_V.png,2017-07-06 10:40:00,01,F1707-0012,HIT,3,96,16695,156.25,325.0,69.6,6.03,57.6,5.65,5.848474,69.852685,5.462339,58.398771,318.993876,78.083034,19.10715,8922.783094,0.744374,24.248444,2017-07-06 10:38:00,1.0,0.0,sinton_results_nearest_time,15
H5NE30994,2,200,20170706_110135_H5NE30994_200Pa_s_A_V.png,images/01_input/H5NE30994/20170706_110135_H5NE30994_200Pa_s_A_V.png,2017-07-06 11:01:35,,F1707-0012,HIT,3,96,16695,156.25,325.0,69.6,6.03,57.6,5.65,5.841189,70.0759,5.452423,58.428565,318.577257,77.829611,19.082196,8953.172079,0.740271,26.274079,2017-07-06 11:00:00,0.9986939592533116,0.1306040746688275,sinton_results_nearest_time,2
H5NE30994,3,400,20170706_110359_H5NE30994_400Pa_s_A_V.png,images/01_input/H5NE30994/20170706_110359_H5NE30994_400Pa_s_A_V.png,2017-07-06 11:03:59,,F1707-0012,HIT,3,96,16695,156.25,325.0,69.6,6.03,57.6,5.65,5.840123,69.857228,5.447722,58.459075,318.468808,78.060906,19.0757,9152.162107,0.738218,26.394075,2017-07-06 11:03:00,0.99835398720946,0.1646012790540107,sinton_results_nearest_time,2
H5NE30994,4,600,20170706_110623_H5NE30994_600Pa_s_A_V.png,images/01_input/H5NE30994/20170706_110623_H5NE30994_600Pa_s_A_V.png,2017-07-06 11:06:23,,F1707-0012,HIT,3,96,16695,156.25,325.0,69.6,6.03,57.6,5.65,5.842878,70.021652,5.44761,58.469059,318.516611,77.85256,19.078563,9153.042023,0.764139,26.746277,2017-07-06 11:06:00,0.9985038427508872,0.1496157249112784,sinton_results_nearest_time,2
H5NE30994,5,800,20170706_111630_H5NE30994_800Pa_s_A_V.png,images/01_input/H5NE30994/20170706_111630_H5NE30994_800Pa_s_A_V.png,2017-07-06 11:16:30,,F1707-0012,HIT,3,96,16695,156.25,325.0,69.6,6.03,57.6,5.65,5.841265,70.105358,5.444078,58.466959,318.298677,77.727859,19.065509,9125.169834,0.749775,26.817669,2017-07-06 11:09:00,0.9978206509519324,0.2179349048067602,sinton_results_nearest_time,2
H5NE30994,6,1000,20170706_111804_H5NE30994_1000Pa_s_A_V.png,images/01_input/H5NE30994/20170706_111804_H5NE30994_1000Pa_s_A_V.png,2017-07-06 11:18:04,,F1707-0012,HIT,3,96,16695,156.25,325.0,69.6,6.03,57.6,5.65,5.840764,70.229563,5.452911,58.377658,318.328167,77.604242,19.067276,9474.054463,0.762269,27.527852,2017-07-06 11:17:00,0.9979130978677472,0.2086902132252821,sinton_results_nearest_time,2
H5NE30994,7,1200,20170706_111929_H5NE30994_1200Pa_s_A_V.png,images/01_input/H5NE30994/20170706_111929_H5NE30994_1200Pa_s_A_V.png,2017-07-06 11:19:29,,F1707-0012,HIT,3,96,16695,156.25,325.0,69.6,6.03,57.6,5.65,5.8418,69.982959,5.452669,58.364887,318.244385,77.843389,19.062257,9146.229167,0.742749,27.512951,2017-07-06 11:19:00,0.9976504533271982,0.234954667280185,sinton_results_nearest_time,2
H5NE30994,8,1400,20170706_112051_H5NE30994_1400Pa_s_A_V.png,images/01_input/H5NE30994/20170706_112051_H5NE30994_1400Pa_s_A_V.png,2017-07-06 11:20:51,,F1707-0012,HIT,3,96,16695,156.25,325.0,69.6,6.03,57.6,5.65,5.843273,70.0682,5.460141,58.333869,318.511175,77.794253,19.078238,9353.341431,0.748152,27.500642,2017-07-06 11:20:00,0.99848680167139,0.1513198328609966,sinton_results_exact_1to1,1
H5NE30994,9,1600,20170706_112217_H5NE30994_1600Pa_s_A_V.png,images/01_input/H5NE30994/20170706_112217_H5NE30994_1600Pa_s_A_V.png,2017-07-06 11:22:17,,F1707-0012,HIT,3,96,16695,156.25,325.0,69.6,6.03,57.6,5.65,5.843173,69.768329,5.454278,58.311749,318.048508,78.016474,19.050525,9203.107803,0.747497,27.4271,2017-07-06 11:22:00,0.997036407056291,0.2963592943708959,sinton_results_exact_1to1,1
H5NE30994,10,1800,20170706_112342_H5NE30994_1800Pa_s_A_V.png,images/01_input/H5NE30994/20170706_112342_H5NE30994_1800Pa_s_A_V.png,2017-07-06 11:23:42,,F1707-0012,HIT,3,96,16695,156.25,325.0,69.6,6.03,57.6,5.65,5.844458,70.047668,5.454163,58.292792,317.938409,77.661372,19.04393,9166.059759,0.767103,27.529313,2017-07-06 11:23:00,0.9966912624993464,0.3308737500653524,sinton_results_nearest_time,2
H5NE30994,11,2000,20170706_112511_H5NE30994_2000Pa_s_A_V.png,images/01_input/H5NE30994/20170706_112511_H5NE30994_2000Pa_s_A_V.png,2017-07-06 11:25:11,,F1707-0012,HIT,3,96,16695,156.25,325.0,69.6,6.03,57.6,5.65,5.840296,69.896641,5.452391,58.329771,318.036735,77.90873,19.049819,9190.567578,0.757971,27.819328,2017-07-06 11:25:00,0.9969995003916629,0.3000499608337259,sinton_results_exact_1to1,1
H5NE30994,12,2200,20170706_112628_H5NE30994_2200Pa_s_A_V.png,images/01_input/H5NE30994/20170706_112628_H5NE30994_2200Pa_s_A_V.png,2017-07-06 11:26:28,,F1707-0012,HIT,3,96,16695,156.25,325.0,69.6,6.03,57.6,5.65,5.838644,70.067956,5.448051,58.336179,317.818481,77.686886,19.036746,9389.527914,0.762765,27.791561,2017-07-06 11:26:00,0.9963153054386537,0.3684694561346346,sinton_results_exact_1to1,1
H5NE30994,13,2400,20170706_112747_H5NE30994_2400Pa_s_A_V.png,images/01_input/H5NE30994/20170706_112747_H5NE30994_2400Pa_s_A_V.png,2017-07-06 11:27:47,,F1707-0012,HIT,3,96,16695,156.25,325.0,69.6,6.03,57.6,5.65,5.836769,70.058538,5.449078,58.338077,317.888732,77.739471,19.040954,9345.132383,0.755509,27.961287,2017-07-06 11:27:00,0.9965355322369888,0.3464467763011236,sinton_results_nearest_time,2
H5NE30994,14,2600,20170706_112908_H5NE30994_2600Pa_s_A_V.png,images/01_input/H5NE30994/20170706_112908_H5NE30994_2600Pa_s_A_V.png,2017-07-06 11:29:08,,F1707-0012,HIT,3,96,16695,156.25,325.0,69.6,6.03,57.6,5.65,5.836593,69.76695,5.447354,58.314223,317.658209,78.010123,19.027146,9360.410599,0.750415,27.952491,2017-07-06 11:29:00,0.9958128757305672,0.4187124269432685,sinton_results_exact_1to1,1
H5NE30994,15,2800,20170706_113035_H5NE30994_2800Pa_s_A_V.png,images/01_input/H5NE30994/20170706_113035_H5NE30994_2800Pa_s_A_V.png,2017-07-06 11:30:35,,F1707-0012,HIT,3,96,16695,156.25,325.0,69.6,6.03,57.6,5.65,5.839466,70.07625,5.446252,58.346758,317.771158,77.655189,19.033912,9370.118456,0.766642,28.251934,2017-07-06 11:30:00,0.9961669546283076,0.3833045371692267,sinton_results_exact_1to1,1
H5NE30994,16,3000,20170706_113204_H5NE30994_3000Pa_s_A_V.png,images/01_input/H5NE30994/20170706_113204_H5NE30994_3000Pa_s_A_V.png,2017-07-06 11:32:04,,F1707-0012,HIT,3,96,16695,156.25,325.0,69.6,6.03,57.6,5.65,5.832936,69.834777,5.47016,57.991459,317.222569,77.87626,19.001052,9318.459203,0.769514,28.044722,2017-07-06 11:31:00,0.9944472068799216,0.5552793120078503,sinton_results_nearest_time,2
H5NE30994,17,3200,20170706_113326_H5NE30994_3200Pa_s_A_V.png,images/01_input/H5NE30994/20170706_113326_H5NE30994_3200Pa_s_A_V.png,2017-07-06 11:33:26,,F1707-0012,HIT,3,96,16695,156.25,325.0,69.6,6.03,57.6,5.65,5.833612,69.848928,5.442237,58.372207,317.675375,77.962589,19.028175,9489.645048,0.752811,28.373628,2017-07-06 11:33:00,0.9958666886758666,0.4133311324133415,sinton_results_exact_1to1,1
H5NE30994,18,3400,20170706_113449_H5NE30994_3400Pa_s_A_V.png,images/01_input/H5NE30994/20170706_113449_H5NE30994_3400Pa_s_A_V.png,2017-07-06 11:34:49,,F1707-0012,HIT,3,96,16695,156.25,325.0,69.6,6.03,57.6,5.65,5.831596,69.770997,5.438243,58.343648,317.286959,77.981188,19.004909,9319.741226,0.752803,28.270573,2017-07-06 11:34:00,0.9946490602847812,0.5350939715218828,sinton_results_exact_1to1,1
H5NE30994,19,3600,20170706_113618_H5NE30994_3600Pa_s_A_V.png,images/01_input/H5NE30994/20170706_113618_H5NE30994_3600Pa_s_A_V.png,2017-07-06 11:36:18,,F1707-0012,HIT,3,96,16695,156.25,325.0,69.6,6.03,57.6,5.65,5.829293,69.938671,5.43997,58.345507,317.397825,77.852165,19.01155,9395.877847,0.767918,28.418194,2017-07-06 11:36:00,0.9949966092765994,0.5003390723400614,sinton_results_nearest_time,2
H5NE30994,20,3800,20170706_113733_H5NE30994_3800Pa_s_A_V.png,images/01_input/H5NE30994/20170706_113733_H5NE30994_3800Pa_s_A_V.png,2017-07-06 11:37:33,,F1707-0012,HIT,3,96,16695,156.25,325.0,69.6,6.03,57.6,5.65,5.826854,70.076441,5.463732,58.020464,317.008262,77.63622,18.988216,9480.990822,0.773128,28.248022,2017-07-06 11:37:00,0.9937753852052006,0.622461479479941,sinton_results_exact_1to1,1
H5NE30994,21,4000,20170706_113859_H5NE30994_4000Pa_s_A_V.png,images/01_input/H5NE30994/20170706_113859_H5NE30994_4000Pa_s_A_V.png,2017-07-06 11:38:59,,F1707-0012,HIT,3,96,16695,156.25,325.0,69.6,6.03,57.6,5.65,5.82786,69.785744,5.43583,58.300902,316.913808,77.922943,18.982558,9243.563606,0.760081,28.260519,2017-07-06 11:38:00,0.9934792854769412,0.652071452305869,sinton_results_exact_1to1,1
H5NE30994,22,4200,20170706_114033_H5NE30994_4200Pa_s_A_V.png,images/01_input/H5NE30994/20170706_114033_H5NE30994_4200Pa_s_A_V.png,2017-07-06 11:40:33,,F1707-0012,HIT,3,96,16695,156.25,325.0,69.6,6.03,57.6,5.65,5.824431,69.915784,5.429059,58.349128,316.78086,77.791157,18.974595,9328.699499,0.772501,28.545856,2017-07-06 11:40:00,0.9930625125856648,0.6937487414335086,sinton_results_nearest_time,2
H5NE30994,23,4400,20170706_114208_H5NE30994_4400Pa_s_A_V.png,images/01_input/H5NE30994/20170706_114208_H5NE30994_4400Pa_s_A_V.png,2017-07-06 11:42:08,,F1707-0012,HIT,3,96,16695,156.25,325.0,69.6,6.03,57.6,5.65,5.820403,69.852135,5.427464,58.290274,316.368382,77.814466,18.949888,9525.833507,0.769376,28.473167,2017-07-06 11:42:00,0.9917694532794102,0.823054672058976,sinton_results_exact_1to1,1
H5NE30994,24,4600,20170706_114331_H5NE30994_4600Pa_s_A_V.png,images/01_input/H5NE30994/20170706_114331_H5NE30994_4600Pa_s_A_V.png,2017-07-06 11:43:31,,F1707-0012,HIT,3,96,16695,156.25,325.0,69.6,6.03,57.6,5.65,5.81834,69.904659,5.422547,58.313411,316.207193,77.743937,18.940233,9287.308364,0.779456,28.536186,2017-07-06 11:43:00,0.9912641489079872,0.8735851092012803,sinton_results_exact_1to1,1
H5NE30994,25,4800,20170706_114500_H5NE30994_4800Pa_s_A_V.png,images/01_input/H5NE30994/20170706_114500_H5NE30994_4800Pa_s_A_V.png,2017-07-06 11:45:00,,F1707-0012,HIT,3,96,16695,156.25,325.0,69.6,6.03,57.6,5.65,5.8164,69.728722,5.421183,58.277578,315.933414,77.898585,18.923834,9556.945313,0.762592,28.369188,2017-07-06 11:44:00,0.9904058910522784,0.9594108947721502,sinton_results_nearest_time,2
H5NE30994,26,5000,20170706_114622_H5NE30994_5000Pa_s_A_V.png,images/01_input/H5NE30994/20170706_114622_H5NE30994_5000Pa_s_A_V.png,2017-07-06 11:46:22,,F1707-0012,HIT,3,96,16695,156.25,325.0,69.6,6.03,57.6,5.65,5.814437,69.839081,5.415998,58.295695,315.729368,77.751509,18.911612,9450.234266,0.777711,28.520793,2017-07-06 11:46:00,0.9897662361392794,1.0233763860720613,sinton_results_exact_1to1,1
H5NE30994,27,5200,20170706_114801_H5NE30994_5200Pa_s_A_V.png,images/01_input/H5NE30994/20170706_114801_H5NE30994_5200Pa_s_A_V.png,2017-07-06 11:48:01,,F1707-0012,HIT,3,96,16695,156.25,325.0,69.6,6.03,57.6,5.65,5.81504,69.904636,5.437528,58.071803,315.767066,77.679804,18.91387,9625.915853,0.785601,28.574344,2017-07-06 11:47:00,0.9898844139565864,1.011558604341356,sinton_results_exact_1to1,1
H5NE30994,28,5400,20170706_114928_H5NE30994_5400Pa_s_A_V.png,images/01_input/H5NE30994/20170706_114928_H5NE30994_5400Pa_s_A_V.png,2017-07-06 11:49:28,,F1707-0012,HIT,3,96,16695,156.25,325.0,69.6,6.03,57.6,5.65,5.813515,69.838425,5.415235,58.294512,315.678492,77.752034,18.908565,9427.28836,0.773563,28.782584,2017-07-06 11:49:00,0.9896067471840744,1.039325281592551,sinton_results_nearest_time,2
